Category,File Path,Has useTranslation,Has UI Strings,Line Count
Dialog,src/components/auth/SubscriptionGateModal.tsx,no,yes,53
Dialog,src/components/permissions/PermissionTransparencyModal.tsx,no,yes,199
Dialog,src/features/admin/components/CreateTestUserDialog.tsx,yes,yes,378
Dialog,src/features/admin/components/PendingProviderReviewDialog.tsx,yes,yes,224
Dialog,src/features/appointments/components/BookAppointmentDialog.tsx,yes,yes,479
Dialog,src/features/documents/components/ImageComparisonDialog.tsx,yes,yes,286
Dialog,src/features/patients/components/InvitePatientDialog.tsx,yes,yes,143
Dialog,src/features/patients/components/RenewalRequestDialog.tsx,yes,yes,220
Dialog,src/features/rewards/components/VulaExplainerDialog.tsx,yes,yes,120
Dialog,src/features/sessions/admissions/AddImagingDialog.tsx,yes,yes,118
Dialog,src/features/sessions/admissions/AddLabResultDialog.tsx,yes,yes,113
Dialog,src/features/sessions/admissions/AddMedicationDialog.tsx,yes,yes,82
Dialog,src/features/sessions/admissions/AddVitalsDialog.tsx,yes,yes,104
Dialog,src/features/sessions/admissions/ManualLogAdmissionDialog.tsx,yes,yes,92
Dialog,src/features/sessions/admissions/UploadAdmissionDialog.tsx,yes,yes,219
Dialog,src/features/sessions/components/FollowUpAppointmentDialog.tsx,yes,yes,188
Dialog,src/features/sessions/components/StarRatingDialog.tsx,yes,yes,285
Dialog,src/features/sessions/components/VisitCategoryDialog.tsx,yes,yes,240
Dialog,src/modules/holarchelp/components/AmbulanceFormDialog.tsx,yes,yes,117
Dialog,src/modules/holarchelp/components/GeofenceFormDialog.tsx,yes,yes,174
Dialog,src/modules/holarchelp/components/InviteStaffDialog.tsx,yes,yes,117
Dialog,src/modules/holarchelp/components/ParamedicAcceptDialog.tsx,yes,yes,87
Dialog,src/modules/holarchelp/components/SosVoiceNoteDialog.tsx,yes,yes,277
Dialog,src/modules/holarchelp/components/StartShiftDialog.tsx,yes,yes,108
Dialog,src/modules/holarchelp/pages/provider/hospital/ImportDoctorsDialog.tsx,yes,yes,161
Dialog,src/modules/holarchelp/pages/provider/hospital/ImportNursesDialog.tsx,yes,yes,163
Dialog,src/components/ui/alert-dialog.tsx,no,yes,105
Dialog,src/components/ui/dialog.tsx,no,yes,96
Form,src/features/admin/components/ProviderVettingForm.tsx,yes,yes,366
Form,src/features/documents/templates/HeaderFooterTemplateForm.tsx,yes,yes,357
Form,src/features/documents/templates/TemplateForm.tsx,yes,yes,370
Form,src/components/ui/form.tsx,yes,yes,130
Table,src/features/patients/components/RoundTable.tsx,yes,yes,245
Table,src/features/patients/components/SessionHistoryTable.tsx,yes,yes,206
Table,src/components/ui/table.tsx,no,yes,73
Utility,src/components/shared/EmptyState.tsx,no,yes,33
Utility,src/components/shared/LoadingSpinner.tsx,no,yes,29
Utility,src/components/shared/PageHeader.tsx,no,yes,27
Utility,src/components/ui/accordion.tsx,no,yes,53
Utility,src/components/ui/alert.tsx,no,yes,44
Utility,src/components/ui/AutoFitText.tsx,yes,yes,72
Utility,src/components/ui/avatar.tsx,no,yes,39
Utility,src/components/ui/badge.tsx,no,yes,30
Utility,src/components/ui/breadcrumb.tsx,no,yes,91
Utility,src/components/ui/button.tsx,no,yes,50
Utility,src/components/ui/calendar.tsx,yes,yes,91
Utility,src/components/ui/card.tsx,no,yes,51
Utility,src/components/ui/carousel.tsx,yes,yes,225
Utility,src/components/ui/chart.tsx,yes,yes,304
Utility,src/components/ui/checkbox.tsx,no,yes,27
Utility,src/components/ui/command.tsx,yes,yes,133
Utility,src/components/ui/context-menu.tsx,no,yes,179
Utility,src/components/ui/drawer.tsx,no,yes,88
Utility,src/components/ui/dropdown-menu.tsx,no,yes,180
Utility,src/components/ui/hover-card.tsx,no,yes,28
Utility,src/components/ui/input-otp.tsx,yes,yes,62
Utility,src/components/ui/input.tsx,no,yes,23
Utility,src/components/ui/menubar.tsx,no,yes,208
Utility,src/components/ui/navigation-menu.tsx,no,yes,121
Utility,src/components/ui/pagination.tsx,no,yes,82
Utility,src/components/ui/popover.tsx,no,yes,30
Utility,src/components/ui/progress.tsx,no,yes,24
Utility,src/components/ui/radio-group.tsx,no,yes,37
Utility,src/components/ui/resizable.tsx,no,yes,38
Utility,src/components/ui/scroll-area.tsx,no,yes,39
Utility,src/components/ui/select.tsx,no,yes,144
Utility,src/components/ui/separator.tsx,no,yes,21
Utility,src/components/ui/sheet.tsx,no,yes,108
Utility,src/components/ui/sidebar.tsx,yes,yes,638
Utility,src/components/ui/skeleton.tsx,no,yes,8
Utility,src/components/ui/slider.tsx,no,yes,24
Utility,src/components/ui/sonner.tsx,no,yes,28
Utility,src/components/ui/switch.tsx,no,no,28
Utility,src/components/ui/tabs.tsx,no,yes,54
Utility,src/components/ui/textarea.tsx,no,yes,22
Utility,src/components/ui/toast.tsx,no,yes,112
Utility,src/components/ui/toaster.tsx,yes,yes,25
Utility,src/components/ui/toggle-group.tsx,yes,yes,50
Utility,src/components/ui/toggle.tsx,no,yes,38
Utility,src/components/ui/tooltip.tsx,no,no,29
